,result,provider,documentation,terms_of_use,time_last_update_unix,time_last_update_utc,time_next_update_unix,time_next_update_utc,time_eol_unix,base_code,rates
AED,success,https://www.exchangerate-api.com,https://www.exchangerate-api.com/docs/free,https://www.exchangerate-api.com/terms,1685491351,"Wed, 31 May 2023 00:02:31 +0000",1685578381,"Thu, 01 Jun 2023 00:13:01 +0000",0,USD,3.6725
AFN,success,https://www.exchangerate-api.com,https://www.exchangerate-api.com/docs/free,https://www.exchangerate-api.com/terms,1685491351,"Wed, 31 May 2023 00:02:31 +0000",1685578381,"Thu, 01 Jun 2023 00:13:01 +0000",0,USD,87.473356
ALL,success,https://www.exchangerate-api.com,https://www.exchangerate-api.com/docs/free,https://www.exchangerate-api.com/terms,1685491351,"Wed, 31 May 2023 00:02:31 +0000",1685578381,"Thu, 01 Jun 2023 00:13:01 +0000",0,USD,102.792352
AMD,success,https://www.exchangerate-api.com,https://www.exchangerate-api.com/docs/free,https://www.exchangerate-api.com/terms,1685491351,"Wed, 31 May 2023 00:02:31 +0000",1685578381,"Thu, 01 Jun 2023 00:13:01 +0000",0,USD,386.610842
ANG,success,https://www.exchangerate-api.com,https://www.exchangerate-api.com/docs/free,https://www.exchangerate-api.com/terms,1685491351,"Wed, 31 May 2023 00:02:31 +0000",1685578381,"Thu, 01 Jun 2023 00:13:01 +0000",0,USD,1.79
AOA,success,https://www.exchangerate-api.com,https://www.exchangerate-api.com/docs/free,https://www.exchangerate-api.com/terms,1685491351,"Wed, 31 May 2023 00:02:31 +0000",1685578381,"Thu, 01 Jun 2023 00:13:01 +0000",0,USD,576.791752
ARS,success,https://www.exchangerate-api.com,https://www.exchangerate-api.com/docs/free,https://www.exchangerate-api.com/terms,1685491351,"Wed, 31 May 2023 00:02:31 +0000",1685578381,"Thu, 01 Jun 2023 00:13:01 +0000",0,USD,237.985107
AUD,success,https://www.exchangerate-api.com,https://www.exchangerate-api.com/docs/free,https://www.exchangerate-api.com/terms,1685491351,"Wed, 31 May 2023 00:02:31 +0000",1685578381,"Thu, 01 Jun 2023 00:13:01 +0000",0,USD,1.533887
AWG,success,https://www.exchangerate-api.com,https://www.exchangerate-api.com/docs/free,https://www.exchangerate-api.com/terms,1685491351,"Wed, 31 May 2023 00:02:31 +0000",1685578381,"Thu, 01 Jun 2023 00:13:01 +0000",0,USD,1.79
AZN,success,https://www.exchangerate-api.com,https://www.exchangerate-api.com/docs/free,https://www.exchangerate-api.com/terms,1685491351,"Wed, 31 May 2023 00:02:31 +0000",1685578381,"Thu, 01 Jun 2023 00:13:01 +0000",0,USD,1.698358
BAM,success,https://www.exchangerate-api.com,https://www.exchangerate-api.com/docs/free,https://www.exchangerate-api.com/terms,1685491351,"Wed, 31 May 2023 00:02:31 +0000",1685578381,"Thu, 01 Jun 2023 00:13:01 +0000",0,USD,1.823156
BBD,success,https://www.exchangerate-api.com,https://www.exchangerate-api.com/docs/free,https://www.exchangerate-api.com/terms,1685491351,"Wed, 31 May 2023 00:02:31 +0000",1685578381,"Thu, 01 Jun 2023 00:13:01 +0000",0,USD,2.0
BDT,success,https://www.exchangerate-api.com,https://www.exchangerate-api.com/docs/free,https://www.exchangerate-api.com/terms,1685491351,"Wed, 31 May 2023 00:02:31 +0000",1685578381,"Thu, 01 Jun 2023 00:13:01 +0000",0,USD,107.773808
BGN,success,https://www.exchangerate-api.com,https://www.exchangerate-api.com/docs/free,https://www.exchangerate-api.com/terms,1685491351,"Wed, 31 May 2023 00:02:31 +0000",1685578381,"Thu, 01 Jun 2023 00:13:01 +0000",0,USD,1.822857
BHD,success,https://www.exchangerate-api.com,https://www.exchangerate-api.com/docs/free,https://www.exchangerate-api.com/terms,1685491351,"Wed, 31 May 2023 00:02:31 +0000",1685578381,"Thu, 01 Jun 2023 00:13:01 +0000",0,USD,0.376
BIF,success,https://www.exchangerate-api.com,https://www.exchangerate-api.com/docs/free,https://www.exchangerate-api.com/terms,1685491351,"Wed, 31 May 2023 00:02:31 +0000",1685578381,"Thu, 01 Jun 2023 00:13:01 +0000",0,USD,2809.99367
BMD,success,https://www.exchangerate-api.com,https://www.exchangerate-api.com/docs/free,https://www.exchangerate-api.com/terms,1685491351,"Wed, 31 May 2023 00:02:31 +0000",1685578381,"Thu, 01 Jun 2023 00:13:01 +0000",0,USD,1.0
BND,success,https://www.exchangerate-api.com,https://www.exchangerate-api.com/docs/free,https://www.exchangerate-api.com/terms,1685491351,"Wed, 31 May 2023 00:02:31 +0000",1685578381,"Thu, 01 Jun 2023 00:13:01 +0000",0,USD,1.351265
BOB,success,https://www.exchangerate-api.com,https://www.exchangerate-api.com/docs/free,https://www.exchangerate-api.com/terms,1685491351,"Wed, 31 May 2023 00:02:31 +0000",1685578381,"Thu, 01 Jun 2023 00:13:01 +0000",0,USD,6.916983
BRL,success,https://www.exchangerate-api.com,https://www.exchangerate-api.com/docs/free,https://www.exchangerate-api.com/terms,1685491351,"Wed, 31 May 2023 00:02:31 +0000",1685578381,"Thu, 01 Jun 2023 00:13:01 +0000",0,USD,5.012584
BSD,success,https://www.exchangerate-api.com,https://www.exchangerate-api.com/docs/free,https://www.exchangerate-api.com/terms,1685491351,"Wed, 31 May 2023 00:02:31 +0000",1685578381,"Thu, 01 Jun 2023 00:13:01 +0000",0,USD,1.0
BTN,success,https://www.exchangerate-api.com,https://www.exchangerate-api.com/docs/free,https://www.exchangerate-api.com/terms,1685491351,"Wed, 31 May 2023 00:02:31 +0000",1685578381,"Thu, 01 Jun 2023 00:13:01 +0000",0,USD,82.721331
BWP,success,https://www.exchangerate-api.com,https://www.exchangerate-api.com/docs/free,https://www.exchangerate-api.com/terms,1685491351,"Wed, 31 May 2023 00:02:31 +0000",1685578381,"Thu, 01 Jun 2023 00:13:01 +0000",0,USD,13.784018
BYN,success,https://www.exchangerate-api.com,https://www.exchangerate-api.com/docs/free,https://www.exchangerate-api.com/terms,1685491351,"Wed, 31 May 2023 00:02:31 +0000",1685578381,"Thu, 01 Jun 2023 00:13:01 +0000",0,USD,2.718774
BZD,success,https://www.exchangerate-api.com,https://www.exchangerate-api.com/docs/free,https://www.exchangerate-api.com/terms,1685491351,"Wed, 31 May 2023 00:02:31 +0000",1685578381,"Thu, 01 Jun 2023 00:13:01 +0000",0,USD,2.0
CAD,success,https://www.exchangerate-api.com,https://www.exchangerate-api.com/docs/free,https://www.exchangerate-api.com/terms,1685491351,"Wed, 31 May 2023 00:02:31 +0000",1685578381,"Thu, 01 Jun 2023 00:13:01 +0000",0,USD,1.359482
CDF,success,https://www.exchangerate-api.com,https://www.exchangerate-api.com/docs/free,https://www.exchangerate-api.com/terms,1685491351,"Wed, 31 May 2023 00:02:31 +0000",1685578381,"Thu, 01 Jun 2023 00:13:01 +0000",0,USD,2242.008265
CHF,success,https://www.exchangerate-api.com,https://www.exchangerate-api.com/docs/free,https://www.exchangerate-api.com/terms,1685491351,"Wed, 31 May 2023 00:02:31 +0000",1685578381,"Thu, 01 Jun 2023 00:13:01 +0000",0,USD,0.905374
CLP,success,https://www.exchangerate-api.com,https://www.exchangerate-api.com/docs/free,https://www.exchangerate-api.com/terms,1685491351,"Wed, 31 May 2023 00:02:31 +0000",1685578381,"Thu, 01 Jun 2023 00:13:01 +0000",0,USD,805.565694
CNY,success,https://www.exchangerate-api.com,https://www.exchangerate-api.com/docs/free,https://www.exchangerate-api.com/terms,1685491351,"Wed, 31 May 2023 00:02:31 +0000",1685578381,"Thu, 01 Jun 2023 00:13:01 +0000",0,USD,7.083392
COP,success,https://www.exchangerate-api.com,https://www.exchangerate-api.com/docs/free,https://www.exchangerate-api.com/terms,1685491351,"Wed, 31 May 2023 00:02:31 +0000",1685578381,"Thu, 01 Jun 2023 00:13:01 +0000",0,USD,4445.10511
CRC,success,https://www.exchangerate-api.com,https://www.exchangerate-api.com/docs/free,https://www.exchangerate-api.com/terms,1685491351,"Wed, 31 May 2023 00:02:31 +0000",1685578381,"Thu, 01 Jun 2023 00:13:01 +0000",0,USD,541.101711
CUP,success,https://www.exchangerate-api.com,https://www.exchangerate-api.com/docs/free,https://www.exchangerate-api.com/terms,1685491351,"Wed, 31 May 2023 00:02:31 +0000",1685578381,"Thu, 01 Jun 2023 00:13:01 +0000",0,USD,24.0
CVE,success,https://www.exchangerate-api.com,https://www.exchangerate-api.com/docs/free,https://www.exchangerate-api.com/terms,1685491351,"Wed, 31 May 2023 00:02:31 +0000",1685578381,"Thu, 01 Jun 2023 00:13:01 +0000",0,USD,102.785148
CZK,success,https://www.exchangerate-api.com,https://www.exchangerate-api.com/docs/free,https://www.exchangerate-api.com/terms,1685491351,"Wed, 31 May 2023 00:02:31 +0000",1685578381,"Thu, 01 Jun 2023 00:13:01 +0000",0,USD,22.078005
DJF,success,https://www.exchangerate-api.com,https://www.exchangerate-api.com/docs/free,https://www.exchangerate-api.com/terms,1685491351,"Wed, 31 May 2023 00:02:31 +0000",1685578381,"Thu, 01 Jun 2023 00:13:01 +0000",0,USD,177.721
DKK,success,https://www.exchangerate-api.com,https://www.exchangerate-api.com/docs/free,https://www.exchangerate-api.com/terms,1685491351,"Wed, 31 May 2023 00:02:31 +0000",1685578381,"Thu, 01 Jun 2023 00:13:01 +0000",0,USD,6.954303
DOP,success,https://www.exchangerate-api.com,https://www.exchangerate-api.com/docs/free,https://www.exchangerate-api.com/terms,1685491351,"Wed, 31 May 2023 00:02:31 +0000",1685578381,"Thu, 01 Jun 2023 00:13:01 +0000",0,USD,54.663436
DZD,success,https://www.exchangerate-api.com,https://www.exchangerate-api.com/docs/free,https://www.exchangerate-api.com/terms,1685491351,"Wed, 31 May 2023 00:02:31 +0000",1685578381,"Thu, 01 Jun 2023 00:13:01 +0000",0,USD,136.699812
EGP,success,https://www.exchangerate-api.com,https://www.exchangerate-api.com/docs/free,https://www.exchangerate-api.com/terms,1685491351,"Wed, 31 May 2023 00:02:31 +0000",1685578381,"Thu, 01 Jun 2023 00:13:01 +0000",0,USD,30.919943
ERN,success,https://www.exchangerate-api.com,https://www.exchangerate-api.com/docs/free,https://www.exchangerate-api.com/terms,1685491351,"Wed, 31 May 2023 00:02:31 +0000",1685578381,"Thu, 01 Jun 2023 00:13:01 +0000",0,USD,15.0
ETB,success,https://www.exchangerate-api.com,https://www.exchangerate-api.com/docs/free,https://www.exchangerate-api.com/terms,1685491351,"Wed, 31 May 2023 00:02:31 +0000",1685578381,"Thu, 01 Jun 2023 00:13:01 +0000",0,USD,54.696014
EUR,success,https://www.exchangerate-api.com,https://www.exchangerate-api.com/docs/free,https://www.exchangerate-api.com/terms,1685491351,"Wed, 31 May 2023 00:02:31 +0000",1685578381,"Thu, 01 Jun 2023 00:13:01 +0000",0,USD,0.932316
FJD,success,https://www.exchangerate-api.com,https://www.exchangerate-api.com/docs/free,https://www.exchangerate-api.com/terms,1685491351,"Wed, 31 May 2023 00:02:31 +0000",1685578381,"Thu, 01 Jun 2023 00:13:01 +0000",0,USD,2.24258
FKP,success,https://www.exchangerate-api.com,https://www.exchangerate-api.com/docs/free,https://www.exchangerate-api.com/terms,1685491351,"Wed, 31 May 2023 00:02:31 +0000",1685578381,"Thu, 01 Jun 2023 00:13:01 +0000",0,USD,0.805787
FOK,success,https://www.exchangerate-api.com,https://www.exchangerate-api.com/docs/free,https://www.exchangerate-api.com/terms,1685491351,"Wed, 31 May 2023 00:02:31 +0000",1685578381,"Thu, 01 Jun 2023 00:13:01 +0000",0,USD,6.954303
GBP,success,https://www.exchangerate-api.com,https://www.exchangerate-api.com/docs/free,https://www.exchangerate-api.com/terms,1685491351,"Wed, 31 May 2023 00:02:31 +0000",1685578381,"Thu, 01 Jun 2023 00:13:01 +0000",0,USD,0.805774
GEL,success,https://www.exchangerate-api.com,https://www.exchangerate-api.com/docs/free,https://www.exchangerate-api.com/terms,1685491351,"Wed, 31 May 2023 00:02:31 +0000",1685578381,"Thu, 01 Jun 2023 00:13:01 +0000",0,USD,2.592174
GGP,success,https://www.exchangerate-api.com,https://www.exchangerate-api.com/docs/free,https://www.exchangerate-api.com/terms,1685491351,"Wed, 31 May 2023 00:02:31 +0000",1685578381,"Thu, 01 Jun 2023 00:13:01 +0000",0,USD,0.805787
GHS,success,https://www.exchangerate-api.com,https://www.exchangerate-api.com/docs/free,https://www.exchangerate-api.com/terms,1685491351,"Wed, 31 May 2023 00:02:31 +0000",1685578381,"Thu, 01 Jun 2023 00:13:01 +0000",0,USD,11.538128
GIP,success,https://www.exchangerate-api.com,https://www.exchangerate-api.com/docs/free,https://www.exchangerate-api.com/terms,1685491351,"Wed, 31 May 2023 00:02:31 +0000",1685578381,"Thu, 01 Jun 2023 00:13:01 +0000",0,USD,0.805787
GMD,success,https://www.exchangerate-api.com,https://www.exchangerate-api.com/docs/free,https://www.exchangerate-api.com/terms,1685491351,"Wed, 31 May 2023 00:02:31 +0000",1685578381,"Thu, 01 Jun 2023 00:13:01 +0000",0,USD,59.04917
GNF,success,https://www.exchangerate-api.com,https://www.exchangerate-api.com/docs/free,https://www.exchangerate-api.com/terms,1685491351,"Wed, 31 May 2023 00:02:31 +0000",1685578381,"Thu, 01 Jun 2023 00:13:01 +0000",0,USD,8541.402024
GTQ,success,https://www.exchangerate-api.com,https://www.exchangerate-api.com/docs/free,https://www.exchangerate-api.com/terms,1685491351,"Wed, 31 May 2023 00:02:31 +0000",1685578381,"Thu, 01 Jun 2023 00:13:01 +0000",0,USD,7.807888
GYD,success,https://www.exchangerate-api.com,https://www.exchangerate-api.com/docs/free,https://www.exchangerate-api.com/terms,1685491351,"Wed, 31 May 2023 00:02:31 +0000",1685578381,"Thu, 01 Jun 2023 00:13:01 +0000",0,USD,211.457858
HKD,success,https://www.exchangerate-api.com,https://www.exchangerate-api.com/docs/free,https://www.exchangerate-api.com/terms,1685491351,"Wed, 31 May 2023 00:02:31 +0000",1685578381,"Thu, 01 Jun 2023 00:13:01 +0000",0,USD,7.833294
HNL,success,https://www.exchangerate-api.com,https://www.exchangerate-api.com/docs/free,https://www.exchangerate-api.com/terms,1685491351,"Wed, 31 May 2023 00:02:31 +0000",1685578381,"Thu, 01 Jun 2023 00:13:01 +0000",0,USD,24.562723
HRK,success,https://www.exchangerate-api.com,https://www.exchangerate-api.com/docs/free,https://www.exchangerate-api.com/terms,1685491351,"Wed, 31 May 2023 00:02:31 +0000",1685578381,"Thu, 01 Jun 2023 00:13:01 +0000",0,USD,7.023395
HTG,success,https://www.exchangerate-api.com,https://www.exchangerate-api.com/docs/free,https://www.exchangerate-api.com/terms,1685491351,"Wed, 31 May 2023 00:02:31 +0000",1685578381,"Thu, 01 Jun 2023 00:13:01 +0000",0,USD,140.554314
HUF,success,https://www.exchangerate-api.com,https://www.exchangerate-api.com/docs/free,https://www.exchangerate-api.com/terms,1685491351,"Wed, 31 May 2023 00:02:31 +0000",1685578381,"Thu, 01 Jun 2023 00:13:01 +0000",0,USD,345.015134
IDR,success,https://www.exchangerate-api.com,https://www.exchangerate-api.com/docs/free,https://www.exchangerate-api.com/terms,1685491351,"Wed, 31 May 2023 00:02:31 +0000",1685578381,"Thu, 01 Jun 2023 00:13:01 +0000",0,USD,14970.890337
ILS,success,https://www.exchangerate-api.com,https://www.exchangerate-api.com/docs/free,https://www.exchangerate-api.com/terms,1685491351,"Wed, 31 May 2023 00:02:31 +0000",1685578381,"Thu, 01 Jun 2023 00:13:01 +0000",0,USD,3.710126
IMP,success,https://www.exchangerate-api.com,https://www.exchangerate-api.com/docs/free,https://www.exchangerate-api.com/terms,1685491351,"Wed, 31 May 2023 00:02:31 +0000",1685578381,"Thu, 01 Jun 2023 00:13:01 +0000",0,USD,0.805787
INR,success,https://www.exchangerate-api.com,https://www.exchangerate-api.com/docs/free,https://www.exchangerate-api.com/terms,1685491351,"Wed, 31 May 2023 00:02:31 +0000",1685578381,"Thu, 01 Jun 2023 00:13:01 +0000",0,USD,82.721401
IQD,success,https://www.exchangerate-api.com,https://www.exchangerate-api.com/docs/free,https://www.exchangerate-api.com/terms,1685491351,"Wed, 31 May 2023 00:02:31 +0000",1685578381,"Thu, 01 Jun 2023 00:13:01 +0000",0,USD,1308.362455
IRR,success,https://www.exchangerate-api.com,https://www.exchangerate-api.com/docs/free,https://www.exchangerate-api.com/terms,1685491351,"Wed, 31 May 2023 00:02:31 +0000",1685578381,"Thu, 01 Jun 2023 00:13:01 +0000",0,USD,42007.388104
ISK,success,https://www.exchangerate-api.com,https://www.exchangerate-api.com/docs/free,https://www.exchangerate-api.com/terms,1685491351,"Wed, 31 May 2023 00:02:31 +0000",1685578381,"Thu, 01 Jun 2023 00:13:01 +0000",0,USD,139.36497
JEP,success,https://www.exchangerate-api.com,https://www.exchangerate-api.com/docs/free,https://www.exchangerate-api.com/terms,1685491351,"Wed, 31 May 2023 00:02:31 +0000",1685578381,"Thu, 01 Jun 2023 00:13:01 +0000",0,USD,0.805787
JMD,success,https://www.exchangerate-api.com,https://www.exchangerate-api.com/docs/free,https://www.exchangerate-api.com/terms,1685491351,"Wed, 31 May 2023 00:02:31 +0000",1685578381,"Thu, 01 Jun 2023 00:13:01 +0000",0,USD,154.55604
JOD,success,https://www.exchangerate-api.com,https://www.exchangerate-api.com/docs/free,https://www.exchangerate-api.com/terms,1685491351,"Wed, 31 May 2023 00:02:31 +0000",1685578381,"Thu, 01 Jun 2023 00:13:01 +0000",0,USD,0.709
JPY,success,https://www.exchangerate-api.com,https://www.exchangerate-api.com/docs/free,https://www.exchangerate-api.com/terms,1685491351,"Wed, 31 May 2023 00:02:31 +0000",1685578381,"Thu, 01 Jun 2023 00:13:01 +0000",0,USD,139.811071
KES,success,https://www.exchangerate-api.com,https://www.exchangerate-api.com/docs/free,https://www.exchangerate-api.com/terms,1685491351,"Wed, 31 May 2023 00:02:31 +0000",1685578381,"Thu, 01 Jun 2023 00:13:01 +0000",0,USD,138.833871
KGS,success,https://www.exchangerate-api.com,https://www.exchangerate-api.com/docs/free,https://www.exchangerate-api.com/terms,1685491351,"Wed, 31 May 2023 00:02:31 +0000",1685578381,"Thu, 01 Jun 2023 00:13:01 +0000",0,USD,87.633822
KHR,success,https://www.exchangerate-api.com,https://www.exchangerate-api.com/docs/free,https://www.exchangerate-api.com/terms,1685491351,"Wed, 31 May 2023 00:02:31 +0000",1685578381,"Thu, 01 Jun 2023 00:13:01 +0000",0,USD,4099.595096
KID,success,https://www.exchangerate-api.com,https://www.exchangerate-api.com/docs/free,https://www.exchangerate-api.com/terms,1685491351,"Wed, 31 May 2023 00:02:31 +0000",1685578381,"Thu, 01 Jun 2023 00:13:01 +0000",0,USD,1.53389
KMF,success,https://www.exchangerate-api.com,https://www.exchangerate-api.com/docs/free,https://www.exchangerate-api.com/terms,1685491351,"Wed, 31 May 2023 00:02:31 +0000",1685578381,"Thu, 01 Jun 2023 00:13:01 +0000",0,USD,458.595002
KRW,success,https://www.exchangerate-api.com,https://www.exchangerate-api.com/docs/free,https://www.exchangerate-api.com/terms,1685491351,"Wed, 31 May 2023 00:02:31 +0000",1685578381,"Thu, 01 Jun 2023 00:13:01 +0000",0,USD,1318.948851
KWD,success,https://www.exchangerate-api.com,https://www.exchangerate-api.com/docs/free,https://www.exchangerate-api.com/terms,1685491351,"Wed, 31 May 2023 00:02:31 +0000",1685578381,"Thu, 01 Jun 2023 00:13:01 +0000",0,USD,0.307401
KYD,success,https://www.exchangerate-api.com,https://www.exchangerate-api.com/docs/free,https://www.exchangerate-api.com/terms,1685491351,"Wed, 31 May 2023 00:02:31 +0000",1685578381,"Thu, 01 Jun 2023 00:13:01 +0000",0,USD,0.833333
KZT,success,https://www.exchangerate-api.com,https://www.exchangerate-api.com/docs/free,https://www.exchangerate-api.com/terms,1685491351,"Wed, 31 May 2023 00:02:31 +0000",1685578381,"Thu, 01 Jun 2023 00:13:01 +0000",0,USD,447.206124
LAK,success,https://www.exchangerate-api.com,https://www.exchangerate-api.com/docs/free,https://www.exchangerate-api.com/terms,1685491351,"Wed, 31 May 2023 00:02:31 +0000",1685578381,"Thu, 01 Jun 2023 00:13:01 +0000",0,USD,17879.988594
LBP,success,https://www.exchangerate-api.com,https://www.exchangerate-api.com/docs/free,https://www.exchangerate-api.com/terms,1685491351,"Wed, 31 May 2023 00:02:31 +0000",1685578381,"Thu, 01 Jun 2023 00:13:01 +0000",0,USD,15000.0
LKR,success,https://www.exchangerate-api.com,https://www.exchangerate-api.com/docs/free,https://www.exchangerate-api.com/terms,1685491351,"Wed, 31 May 2023 00:02:31 +0000",1685578381,"Thu, 01 Jun 2023 00:13:01 +0000",0,USD,294.560352
LRD,success,https://www.exchangerate-api.com,https://www.exchangerate-api.com/docs/free,https://www.exchangerate-api.com/terms,1685491351,"Wed, 31 May 2023 00:02:31 +0000",1685578381,"Thu, 01 Jun 2023 00:13:01 +0000",0,USD,170.234174
LSL,success,https://www.exchangerate-api.com,https://www.exchangerate-api.com/docs/free,https://www.exchangerate-api.com/terms,1685491351,"Wed, 31 May 2023 00:02:31 +0000",1685578381,"Thu, 01 Jun 2023 00:13:01 +0000",0,USD,19.689781
LYD,success,https://www.exchangerate-api.com,https://www.exchangerate-api.com/docs/free,https://www.exchangerate-api.com/terms,1685491351,"Wed, 31 May 2023 00:02:31 +0000",1685578381,"Thu, 01 Jun 2023 00:13:01 +0000",0,USD,4.82288
MAD,success,https://www.exchangerate-api.com,https://www.exchangerate-api.com/docs/free,https://www.exchangerate-api.com/terms,1685491351,"Wed, 31 May 2023 00:02:31 +0000",1685578381,"Thu, 01 Jun 2023 00:13:01 +0000",0,USD,10.166849
MDL,success,https://www.exchangerate-api.com,https://www.exchangerate-api.com/docs/free,https://www.exchangerate-api.com/terms,1685491351,"Wed, 31 May 2023 00:02:31 +0000",1685578381,"Thu, 01 Jun 2023 00:13:01 +0000",0,USD,17.786992
MGA,success,https://www.exchangerate-api.com,https://www.exchangerate-api.com/docs/free,https://www.exchangerate-api.com/terms,1685491351,"Wed, 31 May 2023 00:02:31 +0000",1685578381,"Thu, 01 Jun 2023 00:13:01 +0000",0,USD,4392.531682
MKD,success,https://www.exchangerate-api.com,https://www.exchangerate-api.com/docs/free,https://www.exchangerate-api.com/terms,1685491351,"Wed, 31 May 2023 00:02:31 +0000",1685578381,"Thu, 01 Jun 2023 00:13:01 +0000",0,USD,57.389552
MMK,success,https://www.exchangerate-api.com,https://www.exchangerate-api.com/docs/free,https://www.exchangerate-api.com/terms,1685491351,"Wed, 31 May 2023 00:02:31 +0000",1685578381,"Thu, 01 Jun 2023 00:13:01 +0000",0,USD,2101.61096
MNT,success,https://www.exchangerate-api.com,https://www.exchangerate-api.com/docs/free,https://www.exchangerate-api.com/terms,1685491351,"Wed, 31 May 2023 00:02:31 +0000",1685578381,"Thu, 01 Jun 2023 00:13:01 +0000",0,USD,3493.856635
MOP,success,https://www.exchangerate-api.com,https://www.exchangerate-api.com/docs/free,https://www.exchangerate-api.com/terms,1685491351,"Wed, 31 May 2023 00:02:31 +0000",1685578381,"Thu, 01 Jun 2023 00:13:01 +0000",0,USD,8.068265
MRU,success,https://www.exchangerate-api.com,https://www.exchangerate-api.com/docs/free,https://www.exchangerate-api.com/terms,1685491351,"Wed, 31 May 2023 00:02:31 +0000",1685578381,"Thu, 01 Jun 2023 00:13:01 +0000",0,USD,34.391396
MUR,success,https://www.exchangerate-api.com,https://www.exchangerate-api.com/docs/free,https://www.exchangerate-api.com/terms,1685491351,"Wed, 31 May 2023 00:02:31 +0000",1685578381,"Thu, 01 Jun 2023 00:13:01 +0000",0,USD,45.528229
MVR,success,https://www.exchangerate-api.com,https://www.exchangerate-api.com/docs/free,https://www.exchangerate-api.com/terms,1685491351,"Wed, 31 May 2023 00:02:31 +0000",1685578381,"Thu, 01 Jun 2023 00:13:01 +0000",0,USD,15.445724
MWK,success,https://www.exchangerate-api.com,https://www.exchangerate-api.com/docs/free,https://www.exchangerate-api.com/terms,1685491351,"Wed, 31 May 2023 00:02:31 +0000",1685578381,"Thu, 01 Jun 2023 00:13:01 +0000",0,USD,1031.40068
MXN,success,https://www.exchangerate-api.com,https://www.exchangerate-api.com/docs/free,https://www.exchangerate-api.com/terms,1685491351,"Wed, 31 May 2023 00:02:31 +0000",1685578381,"Thu, 01 Jun 2023 00:13:01 +0000",0,USD,17.650577
MYR,success,https://www.exchangerate-api.com,https://www.exchangerate-api.com/docs/free,https://www.exchangerate-api.com/terms,1685491351,"Wed, 31 May 2023 00:02:31 +0000",1685578381,"Thu, 01 Jun 2023 00:13:01 +0000",0,USD,4.603609
MZN,success,https://www.exchangerate-api.com,https://www.exchangerate-api.com/docs/free,https://www.exchangerate-api.com/terms,1685491351,"Wed, 31 May 2023 00:02:31 +0000",1685578381,"Thu, 01 Jun 2023 00:13:01 +0000",0,USD,63.970511
NAD,success,https://www.exchangerate-api.com,https://www.exchangerate-api.com/docs/free,https://www.exchangerate-api.com/terms,1685491351,"Wed, 31 May 2023 00:02:31 +0000",1685578381,"Thu, 01 Jun 2023 00:13:01 +0000",0,USD,19.689781
NGN,success,https://www.exchangerate-api.com,https://www.exchangerate-api.com/docs/free,https://www.exchangerate-api.com/terms,1685491351,"Wed, 31 May 2023 00:02:31 +0000",1685578381,"Thu, 01 Jun 2023 00:13:01 +0000",0,USD,460.398873
NIO,success,https://www.exchangerate-api.com,https://www.exchangerate-api.com/docs/free,https://www.exchangerate-api.com/terms,1685491351,"Wed, 31 May 2023 00:02:31 +0000",1685578381,"Thu, 01 Jun 2023 00:13:01 +0000",0,USD,36.544888
NOK,success,https://www.exchangerate-api.com,https://www.exchangerate-api.com/docs/free,https://www.exchangerate-api.com/terms,1685491351,"Wed, 31 May 2023 00:02:31 +0000",1685578381,"Thu, 01 Jun 2023 00:13:01 +0000",0,USD,11.169216
NPR,success,https://www.exchangerate-api.com,https://www.exchangerate-api.com/docs/free,https://www.exchangerate-api.com/terms,1685491351,"Wed, 31 May 2023 00:02:31 +0000",1685578381,"Thu, 01 Jun 2023 00:13:01 +0000",0,USD,132.35413
NZD,success,https://www.exchangerate-api.com,https://www.exchangerate-api.com/docs/free,https://www.exchangerate-api.com/terms,1685491351,"Wed, 31 May 2023 00:02:31 +0000",1685578381,"Thu, 01 Jun 2023 00:13:01 +0000",0,USD,1.653332
OMR,success,https://www.exchangerate-api.com,https://www.exchangerate-api.com/docs/free,https://www.exchangerate-api.com/terms,1685491351,"Wed, 31 May 2023 00:02:31 +0000",1685578381,"Thu, 01 Jun 2023 00:13:01 +0000",0,USD,0.384497
PAB,success,https://www.exchangerate-api.com,https://www.exchangerate-api.com/docs/free,https://www.exchangerate-api.com/terms,1685491351,"Wed, 31 May 2023 00:02:31 +0000",1685578381,"Thu, 01 Jun 2023 00:13:01 +0000",0,USD,1.0
PEN,success,https://www.exchangerate-api.com,https://www.exchangerate-api.com/docs/free,https://www.exchangerate-api.com/terms,1685491351,"Wed, 31 May 2023 00:02:31 +0000",1685578381,"Thu, 01 Jun 2023 00:13:01 +0000",0,USD,3.673925
PGK,success,https://www.exchangerate-api.com,https://www.exchangerate-api.com/docs/free,https://www.exchangerate-api.com/terms,1685491351,"Wed, 31 May 2023 00:02:31 +0000",1685578381,"Thu, 01 Jun 2023 00:13:01 +0000",0,USD,3.54845
PHP,success,https://www.exchangerate-api.com,https://www.exchangerate-api.com/docs/free,https://www.exchangerate-api.com/terms,1685491351,"Wed, 31 May 2023 00:02:31 +0000",1685578381,"Thu, 01 Jun 2023 00:13:01 +0000",0,USD,56.332686
PKR,success,https://www.exchangerate-api.com,https://www.exchangerate-api.com/docs/free,https://www.exchangerate-api.com/terms,1685491351,"Wed, 31 May 2023 00:02:31 +0000",1685578381,"Thu, 01 Jun 2023 00:13:01 +0000",0,USD,284.871965
PLN,success,https://www.exchangerate-api.com,https://www.exchangerate-api.com/docs/free,https://www.exchangerate-api.com/terms,1685491351,"Wed, 31 May 2023 00:02:31 +0000",1685578381,"Thu, 01 Jun 2023 00:13:01 +0000",0,USD,4.222871
PYG,success,https://www.exchangerate-api.com,https://www.exchangerate-api.com/docs/free,https://www.exchangerate-api.com/terms,1685491351,"Wed, 31 May 2023 00:02:31 +0000",1685578381,"Thu, 01 Jun 2023 00:13:01 +0000",0,USD,7176.330952
QAR,success,https://www.exchangerate-api.com,https://www.exchangerate-api.com/docs/free,https://www.exchangerate-api.com/terms,1685491351,"Wed, 31 May 2023 00:02:31 +0000",1685578381,"Thu, 01 Jun 2023 00:13:01 +0000",0,USD,3.64
RON,success,https://www.exchangerate-api.com,https://www.exchangerate-api.com/docs/free,https://www.exchangerate-api.com/terms,1685491351,"Wed, 31 May 2023 00:02:31 +0000",1685578381,"Thu, 01 Jun 2023 00:13:01 +0000",0,USD,4.621989
RSD,success,https://www.exchangerate-api.com,https://www.exchangerate-api.com/docs/free,https://www.exchangerate-api.com/terms,1685491351,"Wed, 31 May 2023 00:02:31 +0000",1685578381,"Thu, 01 Jun 2023 00:13:01 +0000",0,USD,109.294099
RUB,success,https://www.exchangerate-api.com,https://www.exchangerate-api.com/docs/free,https://www.exchangerate-api.com/terms,1685491351,"Wed, 31 May 2023 00:02:31 +0000",1685578381,"Thu, 01 Jun 2023 00:13:01 +0000",0,USD,79.568057
RWF,success,https://www.exchangerate-api.com,https://www.exchangerate-api.com/docs/free,https://www.exchangerate-api.com/terms,1685491351,"Wed, 31 May 2023 00:02:31 +0000",1685578381,"Thu, 01 Jun 2023 00:13:01 +0000",0,USD,1168.464571
SAR,success,https://www.exchangerate-api.com,https://www.exchangerate-api.com/docs/free,https://www.exchangerate-api.com/terms,1685491351,"Wed, 31 May 2023 00:02:31 +0000",1685578381,"Thu, 01 Jun 2023 00:13:01 +0000",0,USD,3.75
SBD,success,https://www.exchangerate-api.com,https://www.exchangerate-api.com/docs/free,https://www.exchangerate-api.com/terms,1685491351,"Wed, 31 May 2023 00:02:31 +0000",1685578381,"Thu, 01 Jun 2023 00:13:01 +0000",0,USD,8.475697
SCR,success,https://www.exchangerate-api.com,https://www.exchangerate-api.com/docs/free,https://www.exchangerate-api.com/terms,1685491351,"Wed, 31 May 2023 00:02:31 +0000",1685578381,"Thu, 01 Jun 2023 00:13:01 +0000",0,USD,13.568039
SDG,success,https://www.exchangerate-api.com,https://www.exchangerate-api.com/docs/free,https://www.exchangerate-api.com/terms,1685491351,"Wed, 31 May 2023 00:02:31 +0000",1685578381,"Thu, 01 Jun 2023 00:13:01 +0000",0,USD,551.028712
SEK,success,https://www.exchangerate-api.com,https://www.exchangerate-api.com/docs/free,https://www.exchangerate-api.com/terms,1685491351,"Wed, 31 May 2023 00:02:31 +0000",1685578381,"Thu, 01 Jun 2023 00:13:01 +0000",0,USD,10.863431
SGD,success,https://www.exchangerate-api.com,https://www.exchangerate-api.com/docs/free,https://www.exchangerate-api.com/terms,1685491351,"Wed, 31 May 2023 00:02:31 +0000",1685578381,"Thu, 01 Jun 2023 00:13:01 +0000",0,USD,1.351266
SHP,success,https://www.exchangerate-api.com,https://www.exchangerate-api.com/docs/free,https://www.exchangerate-api.com/terms,1685491351,"Wed, 31 May 2023 00:02:31 +0000",1685578381,"Thu, 01 Jun 2023 00:13:01 +0000",0,USD,0.805787
SLE,success,https://www.exchangerate-api.com,https://www.exchangerate-api.com/docs/free,https://www.exchangerate-api.com/terms,1685491351,"Wed, 31 May 2023 00:02:31 +0000",1685578381,"Thu, 01 Jun 2023 00:13:01 +0000",0,USD,22.698678
SLL,success,https://www.exchangerate-api.com,https://www.exchangerate-api.com/docs/free,https://www.exchangerate-api.com/terms,1685491351,"Wed, 31 May 2023 00:02:31 +0000",1685578381,"Thu, 01 Jun 2023 00:13:01 +0000",0,USD,22698.678222
SOS,success,https://www.exchangerate-api.com,https://www.exchangerate-api.com/docs/free,https://www.exchangerate-api.com/terms,1685491351,"Wed, 31 May 2023 00:02:31 +0000",1685578381,"Thu, 01 Jun 2023 00:13:01 +0000",0,USD,568.318627
SRD,success,https://www.exchangerate-api.com,https://www.exchangerate-api.com/docs/free,https://www.exchangerate-api.com/terms,1685491351,"Wed, 31 May 2023 00:02:31 +0000",1685578381,"Thu, 01 Jun 2023 00:13:01 +0000",0,USD,37.061953
SSP,success,https://www.exchangerate-api.com,https://www.exchangerate-api.com/docs/free,https://www.exchangerate-api.com/terms,1685491351,"Wed, 31 May 2023 00:02:31 +0000",1685578381,"Thu, 01 Jun 2023 00:13:01 +0000",0,USD,980.06791
STN,success,https://www.exchangerate-api.com,https://www.exchangerate-api.com/docs/free,https://www.exchangerate-api.com/terms,1685491351,"Wed, 31 May 2023 00:02:31 +0000",1685578381,"Thu, 01 Jun 2023 00:13:01 +0000",0,USD,22.838037
SYP,success,https://www.exchangerate-api.com,https://www.exchangerate-api.com/docs/free,https://www.exchangerate-api.com/terms,1685491351,"Wed, 31 May 2023 00:02:31 +0000",1685578381,"Thu, 01 Jun 2023 00:13:01 +0000",0,USD,2513.05226
SZL,success,https://www.exchangerate-api.com,https://www.exchangerate-api.com/docs/free,https://www.exchangerate-api.com/terms,1685491351,"Wed, 31 May 2023 00:02:31 +0000",1685578381,"Thu, 01 Jun 2023 00:13:01 +0000",0,USD,19.689781
THB,success,https://www.exchangerate-api.com,https://www.exchangerate-api.com/docs/free,https://www.exchangerate-api.com/terms,1685491351,"Wed, 31 May 2023 00:02:31 +0000",1685578381,"Thu, 01 Jun 2023 00:13:01 +0000",0,USD,34.696912
TJS,success,https://www.exchangerate-api.com,https://www.exchangerate-api.com/docs/free,https://www.exchangerate-api.com/terms,1685491351,"Wed, 31 May 2023 00:02:31 +0000",1685578381,"Thu, 01 Jun 2023 00:13:01 +0000",0,USD,10.894089
TMT,success,https://www.exchangerate-api.com,https://www.exchangerate-api.com/docs/free,https://www.exchangerate-api.com/terms,1685491351,"Wed, 31 May 2023 00:02:31 +0000",1685578381,"Thu, 01 Jun 2023 00:13:01 +0000",0,USD,3.500028
TND,success,https://www.exchangerate-api.com,https://www.exchangerate-api.com/docs/free,https://www.exchangerate-api.com/terms,1685491351,"Wed, 31 May 2023 00:02:31 +0000",1685578381,"Thu, 01 Jun 2023 00:13:01 +0000",0,USD,3.107623
TOP,success,https://www.exchangerate-api.com,https://www.exchangerate-api.com/docs/free,https://www.exchangerate-api.com/terms,1685491351,"Wed, 31 May 2023 00:02:31 +0000",1685578381,"Thu, 01 Jun 2023 00:13:01 +0000",0,USD,2.362196
TRY,success,https://www.exchangerate-api.com,https://www.exchangerate-api.com/docs/free,https://www.exchangerate-api.com/terms,1685491351,"Wed, 31 May 2023 00:02:31 +0000",1685578381,"Thu, 01 Jun 2023 00:13:01 +0000",0,USD,20.507504
TTD,success,https://www.exchangerate-api.com,https://www.exchangerate-api.com/docs/free,https://www.exchangerate-api.com/terms,1685491351,"Wed, 31 May 2023 00:02:31 +0000",1685578381,"Thu, 01 Jun 2023 00:13:01 +0000",0,USD,6.75318
TVD,success,https://www.exchangerate-api.com,https://www.exchangerate-api.com/docs/free,https://www.exchangerate-api.com/terms,1685491351,"Wed, 31 May 2023 00:02:31 +0000",1685578381,"Thu, 01 Jun 2023 00:13:01 +0000",0,USD,1.53389
TWD,success,https://www.exchangerate-api.com,https://www.exchangerate-api.com/docs/free,https://www.exchangerate-api.com/terms,1685491351,"Wed, 31 May 2023 00:02:31 +0000",1685578381,"Thu, 01 Jun 2023 00:13:01 +0000",0,USD,30.539873
TZS,success,https://www.exchangerate-api.com,https://www.exchangerate-api.com/docs/free,https://www.exchangerate-api.com/terms,1685491351,"Wed, 31 May 2023 00:02:31 +0000",1685578381,"Thu, 01 Jun 2023 00:13:01 +0000",0,USD,2365.293756
UAH,success,https://www.exchangerate-api.com,https://www.exchangerate-api.com/docs/free,https://www.exchangerate-api.com/terms,1685491351,"Wed, 31 May 2023 00:02:31 +0000",1685578381,"Thu, 01 Jun 2023 00:13:01 +0000",0,USD,36.909782
UGX,success,https://www.exchangerate-api.com,https://www.exchangerate-api.com/docs/free,https://www.exchangerate-api.com/terms,1685491351,"Wed, 31 May 2023 00:02:31 +0000",1685578381,"Thu, 01 Jun 2023 00:13:01 +0000",0,USD,3758.893453
USD,success,https://www.exchangerate-api.com,https://www.exchangerate-api.com/docs/free,https://www.exchangerate-api.com/terms,1685491351,"Wed, 31 May 2023 00:02:31 +0000",1685578381,"Thu, 01 Jun 2023 00:13:01 +0000",0,USD,1.0
UYU,success,https://www.exchangerate-api.com,https://www.exchangerate-api.com/docs/free,https://www.exchangerate-api.com/terms,1685491351,"Wed, 31 May 2023 00:02:31 +0000",1685578381,"Thu, 01 Jun 2023 00:13:01 +0000",0,USD,38.807696
UZS,success,https://www.exchangerate-api.com,https://www.exchangerate-api.com/docs/free,https://www.exchangerate-api.com/terms,1685491351,"Wed, 31 May 2023 00:02:31 +0000",1685578381,"Thu, 01 Jun 2023 00:13:01 +0000",0,USD,11389.687379
VES,success,https://www.exchangerate-api.com,https://www.exchangerate-api.com/docs/free,https://www.exchangerate-api.com/terms,1685491351,"Wed, 31 May 2023 00:02:31 +0000",1685578381,"Thu, 01 Jun 2023 00:13:01 +0000",0,USD,26.1639
VND,success,https://www.exchangerate-api.com,https://www.exchangerate-api.com/docs/free,https://www.exchangerate-api.com/terms,1685491351,"Wed, 31 May 2023 00:02:31 +0000",1685578381,"Thu, 01 Jun 2023 00:13:01 +0000",0,USD,23467.14658
VUV,success,https://www.exchangerate-api.com,https://www.exchangerate-api.com/docs/free,https://www.exchangerate-api.com/terms,1685491351,"Wed, 31 May 2023 00:02:31 +0000",1685578381,"Thu, 01 Jun 2023 00:13:01 +0000",0,USD,118.399245
WST,success,https://www.exchangerate-api.com,https://www.exchangerate-api.com/docs/free,https://www.exchangerate-api.com/terms,1685491351,"Wed, 31 May 2023 00:02:31 +0000",1685578381,"Thu, 01 Jun 2023 00:13:01 +0000",0,USD,2.745897
XAF,success,https://www.exchangerate-api.com,https://www.exchangerate-api.com/docs/free,https://www.exchangerate-api.com/terms,1685491351,"Wed, 31 May 2023 00:02:31 +0000",1685578381,"Thu, 01 Jun 2023 00:13:01 +0000",0,USD,611.460003
XCD,success,https://www.exchangerate-api.com,https://www.exchangerate-api.com/docs/free,https://www.exchangerate-api.com/terms,1685491351,"Wed, 31 May 2023 00:02:31 +0000",1685578381,"Thu, 01 Jun 2023 00:13:01 +0000",0,USD,2.7
XDR,success,https://www.exchangerate-api.com,https://www.exchangerate-api.com/docs/free,https://www.exchangerate-api.com/terms,1685491351,"Wed, 31 May 2023 00:02:31 +0000",1685578381,"Thu, 01 Jun 2023 00:13:01 +0000",0,USD,0.752939
XOF,success,https://www.exchangerate-api.com,https://www.exchangerate-api.com/docs/free,https://www.exchangerate-api.com/terms,1685491351,"Wed, 31 May 2023 00:02:31 +0000",1685578381,"Thu, 01 Jun 2023 00:13:01 +0000",0,USD,611.460003
XPF,success,https://www.exchangerate-api.com,https://www.exchangerate-api.com/docs/free,https://www.exchangerate-api.com/terms,1685491351,"Wed, 31 May 2023 00:02:31 +0000",1685578381,"Thu, 01 Jun 2023 00:13:01 +0000",0,USD,111.237086
YER,success,https://www.exchangerate-api.com,https://www.exchangerate-api.com/docs/free,https://www.exchangerate-api.com/terms,1685491351,"Wed, 31 May 2023 00:02:31 +0000",1685578381,"Thu, 01 Jun 2023 00:13:01 +0000",0,USD,249.972759
ZAR,success,https://www.exchangerate-api.com,https://www.exchangerate-api.com/docs/free,https://www.exchangerate-api.com/terms,1685491351,"Wed, 31 May 2023 00:02:31 +0000",1685578381,"Thu, 01 Jun 2023 00:13:01 +0000",0,USD,19.689795
ZMW,success,https://www.exchangerate-api.com,https://www.exchangerate-api.com/docs/free,https://www.exchangerate-api.com/terms,1685491351,"Wed, 31 May 2023 00:02:31 +0000",1685578381,"Thu, 01 Jun 2023 00:13:01 +0000",0,USD,19.419514
ZWL,success,https://www.exchangerate-api.com,https://www.exchangerate-api.com/docs/free,https://www.exchangerate-api.com/terms,1685491351,"Wed, 31 May 2023 00:02:31 +0000",1685578381,"Thu, 01 Jun 2023 00:13:01 +0000",0,USD,1988.968917
